カテゴリ名,著者名,ステータス,トークン,メールアドレス,タイトル,本文
地震,水野 隆,非公開,sample_token,test+user0@gmail.com,地震00_タイトル,地震00_本文
地震,藤原 香織,非公開,sample_token,test+user1@gmail.com,地震01_タイトル,地震01_本文
地震,吉川 拓海,公開,sample_token,test+user2@gmail.com,地震02_タイトル,地震02_本文
地震,本間 直美,公開,sample_token,test+user3@gmail.com,地震03_タイトル,地震03_本文
地震,大橋 豊,公開,sample_token,test+user4@gmail.com,地震04_タイトル,地震04_本文
地震,吉岡 大輔,公開,sample_token,test+user5@gmail.com,地震05_タイトル,地震05_本文
地震,渡辺 大輔,公開,sample_token,test+user6@gmail.com,地震06_タイトル,地震06_本文
地震,遠藤 理恵,公開,sample_token,test+user7@gmail.com,地震07_タイトル,地震07_本文
地震,辻 典子,公開,sample_token,test+user8@gmail.com,地震08_タイトル,地震08_本文
地震,石川 明,非公開,sample_token,test+user9@gmail.com,地震09_タイトル,地震09_本文
地震,篠原 あゆみ,非公開,sample_token,test+user10@gmail.com,地震10_タイトル,地震10_本文
ニュース,森田 彩花,公開,sample_token,test+user11@gmail.com,ニュース00_タイトル,ニュース00_本文
ニュース,西村 瞳,公開,sample_token,test+user12@gmail.com,ニュース01_タイトル,ニュース01_本文
ニュース,堀 拓哉,非公開,sample_token,test+user13@gmail.com,ニュース02_タイトル,ニュース02_本文
世界情勢,木村 英樹,非公開,sample_token,test+user14@gmail.com,世界00_タイトル,世界00_本文
世界情勢,川村 理恵,非公開,sample_token,test+user15@gmail.com,世界01_タイトル,世界01_本文
世界情勢,近藤 彩花,公開,sample_token,test+user16@gmail.com,世界02_タイトル,世界02_本文
社会,南 あゆみ,公開,sample_token,test+user17@gmail.com,社会00_タイトル,社会00_本文
社会,菊池 美香,非公開,sample_token,test+user18@gmail.com,社会01_タイトル,社会01_本文
社会,宮田 拓也,非公開,sample_token,test+user19@gmail.com,社会02_タイトル,社会02_本文
社会,久保田 雄大,公開,sample_token,test+user20@gmail.com,社会03_タイトル,社会03_本文
会社・職業,杉本 雄大,公開,sample_token,test+user21@gmail.com,会社00_タイトル,会社00_本文
会社・職業,野口 めぐみ,非公開,sample_token,test+user22@gmail.com,会社01_タイトル,会社01_本文
会社・職業,篠原 大輔,非公開,sample_token,test+user23@gmail.com,会社02_タイトル,会社02_本文
会社・職業,原田 大樹,公開,sample_token,test+user24@gmail.com,会社03_タイトル,会社03_本文
会社・職業,岡本 彩花,公開,sample_token,test+user25@gmail.com,会社04_タイトル,会社04_本文
会社・職業,小山 優子,公開,sample_token,test+user26@gmail.com,会社05_タイトル,会社05_本文
文化,小池 麻衣,非公開,sample_token,test+user27@gmail.com,文化00_タイトル,文化00_本文
文化,吉村 聡,非公開,sample_token,test+user28@gmail.com,文化01_タイトル,文化01_本文
文化,福田 茜,公開,sample_token,test+user29@gmail.com,文化02_タイトル,文化02_本文
学問,高田 健一,公開,sample_token,test+user30@gmail.com,学問00_タイトル,学問00_本文
学問,福島 亜美,公開,sample_token,test+user31@gmail.com,学問01_タイトル,学問01_本文
学問,松岡 翔,公開,sample_token,test+user32@gmail.com,学問02_タイトル,学問02_本文
学問,久保田 拓海,非公開,sample_token,test+user33@gmail.com,学問03_タイトル,学問03_本文
学問,西田 美香,公開,sample_token,test+user34@gmail.com,学問04_タイトル,学問04_本文
家電製品,石原 茂,公開,sample_token,test+user35@gmail.com,家電00_タイトル,家電00_本文
家電製品,柴田 由美子,公開,sample_token,test+user36@gmail.com,家電01_タイトル,家電01_本文
家電製品,河野 あゆみ,公開,sample_token,test+user37@gmail.com,家電02_タイトル,家電02_本文
家電製品,望月 遥,非公開,sample_token,test+user38@gmail.com,家電03_タイトル,家電03_本文
家電製品,坂本 拓也,非公開,sample_token,test+user39@gmail.com,家電04_タイトル,家電04_本文
生活,伊東 亮太,公開,sample_token,test+user40@gmail.com,生活00_タイトル,生活00_本文
生活,佐野 哲也,非公開,sample_token,test+user41@gmail.com,生活01_タイトル,生活01_本文
生活,桜井 健太郎,非公開,sample_token,test+user42@gmail.com,生活02_タイトル,生活02_本文
生活,大森 佳奈,公開,sample_token,test+user43@gmail.com,生活03_タイトル,生活03_本文
雑談,増田 剛,公開,sample_token,test+user44@gmail.com,雑談00_タイトル,雑談00_本文
雑談,高山 優花,公開,sample_token,test+user45@gmail.com,雑談01_タイトル,雑談01_本文
雑談,岩田 菜々子,公開,sample_token,test+user46@gmail.com,雑談02_タイトル,雑談02_本文
雑談,早川 美穂,公開,sample_token,test+user47@gmail.com,雑談03_タイトル,雑談03_本文
雑談,岩田 菜々子,公開,sample_token,test+user48@gmail.com,雑談04_タイトル,雑談04_本文
雑談,早川 美穂,公開,sample_token,test+user49@gmail.com,雑談05_タイトル,雑談05_本文